
USE `xscj1`;


-- 向表 `kc`中插入数据 

INSERT  INTO `kc`  (`课程号`,`课程名`,`授课教师`,`开课学期`,`学时`) VALUES 
  ('101','计算机文化基础','李平',1,32),
  ('102','计算机硬件基础','童华',1,80),
  ('103','程序设计基础','王印',2,64),
  ('104','计算机网络','王可均',2,64),
  ('105','云计算基础','郎景成',2,64),
  ('106','云操作系统','李月',3,64),
  ('107','数据库','陈一波',3,64),
  ('108','网络技术实训','张成本',3,64),
  ('109','云系统实施与维护','唐成林',4,64),
  ('110','云存储与备份','路一业',4,64),
  ('111','云安全技术','李华华',4,80),
  ('112','python程序设计','周治伟',5,64),
  ('114','java程序设计','张三',5,72) ;

SELECT * FROM `kc` ;


-- 向表 `xsqk`中插入数据 

insert  into `xsqk`(`学号`,`姓名`,`性别`,`出生日期`,`专业名`,`所在学院`,`联系电话`,`总学分`,`备注`,`社团团长`) values 
('2016110101','朱军','男','1998-10-01','云计算','计算机学院','13512456253',NULL,NULL,NULL),
('2016110102','龙婷秀','女','1998-11-05','云计算','计算机学院','13512456254',NULL,NULL,'2016110201'),
('2016110103','张庆国','男','1999-01-09','云计算','计算机学院','13710425255',NULL,NULL,'2016110201'),
('2016110104','张小博','男','1998-04-06','云计算','计算机学院','13501056042',NULL,NULL,'2016110101'),
('2016110105','钟鹏香','女','1998-05-03','云计算','计算机学院','13605126565',NULL,'班长','2016110201'),
('2016110106','李家琪','男','1998-04-07','云计算','计算机学院','13605078782',NULL,NULL,'2016110201'),
('2016110201','王兰','女','1998-06-09','信息安全','计算机学院','13465215623',NULL,NULL,NULL),
('2016110202','江杰','男','1998-02-06','信息安全','计算机学院','13520556252',NULL,NULL,'2016110201'),
('2016110203','肖勇','男','1998-04-12','信息安全','计算机学院','13756156524',NULL,NULL,'2016110101'),
('2016110204','周明悦','女','1998-05-18','信息安全','计算机学院','15846662514',NULL,NULL,'2016110201'),
('2016110301','李娟','女','1998-08-24','网络工程','计算机学院','13305047552',NULL,'学习委员','2016110101'),
('2016110302','成兰','女','1999-01-06','网络工程','计算机学院','13315047952',NULL,NULL,'2016110101');

SELECT * FROM `xsqk` ;


-- 向表 `xs_kc` 中插入数据 

INSERT  INTO `xs_kc`  (`学号`,`课程号`,`成绩`,`学分`) VALUES 
  ('2016110101','101',83,2),
  ('2016110101','102',64,5),
  ('2016110101','103',58,0),
  ('2016110102','102',67,5),
  ('2016110102','103',65,4),
  ('2016110103','101',78,2),
  ('2016110104','103',54,0),
  ('2016110105','101',65,2),
  ('2016110105','105',67,4),
  ('2016110106','102',57,0),
  ('2016110201','106',78,4),
  ('2016110202','106',81,4),
  ('2016110202','107',85,4),
  ('2016110203','108',61,2),
  ('2016110204','109',18,0),
  ('2016110301','110',63,4) ;

SELECT * FROM `xs_kc` ;

